Code,Omschrijving,CASnummer,Groep,SIKBid
1112T4ClC2a,"1,1,1,2-tetrachloorethaan",630-20-6,ChemischeStof,3
111TClC2a,"1,1,1-trichloorethaan",71-55-6,ChemischeStof,4
111TClTol,"1,1,1-trichloortolueen",98-07-7,ChemischeStof,2800
1122T4ClC2a,"1,1,2,2-tetrachloorethaan",79-34-5,ChemischeStof,5
112TClC2a,"1,1,2-trichloorethaan",79-00-5,ChemischeStof,6
112TClC3a,"1,1,2-trichloorpropaan",598-77-6,ChemischeStof,2801
11DBrC2a,"1,1-dibroomethaan",557-91-5,ChemischeStof,2802
11DC1yC2y2C1,"1,1-dimethylethyl-2-methoxyfenol",53894-31-8,ChemischeStof,4941
11DC1yhdzne,"1,1-dimethylhydrazine",57-14-7,ChemischeStof,2803
11DClC2a,"1,1-dichloorethaan",75-34-3,ChemischeStof,8
11DClC2e,"1,1-dichlooretheen",75-35-4,ChemischeStof,9
11DClC3a,"1,1-dichloorpropaan",78-99-9,ChemischeStof,10
11DClC3e,"1,1-dichloorpropeen",563-58-6,ChemischeStof,2066
11n9cbxd9THC,11-nor-9-carboxy-delta-9-tetrahydrocannabinol,56354-06-4,ChemischeStof,0
122TClC3a,"1,2,2-trichloorpropaan",3175-23-3,ChemischeStof,2804
1234T4C1yBen,"1,2,3,4-tetramethylbenzeen",488-23-3,ChemischeStof,2805
1234T4ClBen,"1,2,3,4-tetrachloorbenzeen",634-66-2,ChemischeStof,16
1234T4HNaf,"1,2,3,4-tetrahydronaftaleen",119-64-2,ChemischeStof,1547
1235T4C1yBen,"1,2,3,5-tetramethylbenzeen",527-53-7,ChemischeStof,19
1235T4ClBen,"1,2,3,5-tetrachloorbenzeen",634-90-2,ChemischeStof,18
123TC1yBen,"1,2,3-trimethylbenzeen",526-73-8,ChemischeStof,29
123TClBen,"1,2,3-trichloorbenzeen",87-61-6,ChemischeStof,26
123TClC3a,"1,2,3-trichloorpropaan",96-18-4,ChemischeStof,27
123TClC3e,"1,2,3-trichloorpropeen",96-19-5,ChemischeStof,28
123benztazl,"1,2,3-benzotriazool",95-14-7,ChemischeStof,2806
1245T4C1yBen,"1,2,4,5-tetramethylbenzeen",95-93-2,ChemischeStof,31
1245T4ClBen,"1,2,4,5-tetrachloorbenzeen",95-94-3,ChemischeStof,30
124TC1yBen,"1,2,4-trimethylbenzeen",95-63-6,ChemischeStof,33
124TClBen,"1,2,4-trichloorbenzeen",120-82-1,ChemischeStof,32
12BenDAeDHCl,"1,2-benzeendiamine dihydrochloride",615-28-1,ChemischeStof,2807
12C3yegcl,"1,2-propyleenglycol",57-55-6,ChemischeStof,1435
12C4oxC2oxC2,1-(2-butoxyethoxy)-ethanol,54446-78-5,ChemischeStof,2808
12C4yeO,"1,2-butyleenoxide",106-88-7,ChemischeStof,2809
12DAoBen,"1,2-diaminobenzeen",95-54-5,ChemischeStof,2810
12DBr24DCNC4,"1,2-dibroom-2,4-dicyanobutaan",35691-65-7,ChemischeStof,2811
12DBr3ClC3a,"1,2-dibroom-3-chloorpropaan",96-12-8,ChemischeStof,34
12DBrC2a,"1,2-dibroomethaan",106-93-4,ChemischeStof,1724
12DC1y4C2yBe,"1,2-dimethyl-4-ethylbenzeen",934-80-5,ChemischeStof,2812
12DC2oxC2a,"1,2-diethoxyethaan (diethylglycol)",629-14-1,ChemischeStof,1710
12DClBen,"1,2-dichloorbenzeen",95-50-1,ChemischeStof,35
12DClC2a,"1,2-dichloorethaan",107-06-2,ChemischeStof,36
12DClC2e,"1,2-dichlooretheen",540-59-0,ChemischeStof,37
12DClC3a,"1,2-dichloorpropaan",78-87-5,ChemischeStof,38
12DClC3e,"1,2-dichloorpropeen",563-54-2,ChemischeStof,39
12DFyhdzne,"1,2-difenylhydrazine",122-66-7,ChemischeStof,2813
12DHOxBen,"1,2-dihydroxybenzeen",120-80-9,ChemischeStof,466
12DNO2Ben,"1,2-dinitrobenzeen",528-29-0,ChemischeStof,2814
12epOxC2yBen,"1,2-epoxyethylbenzeen",96-09-3,ChemischeStof,2815
12xyln,"1,2-xyleen",95-47-6,ChemischeStof,1341
133TC1yoidl,"1,3,3-trimethyloxindol",20200-86-6,ChemischeStof,2816
134DClFy3C1y,"1-(3,4-dichloorfenyl)-3-methylureum",3567-62-2,ChemischeStof,2817
134DClFyurum,"1-(3,4-dichloorfenyl)ureum",2327-02-8,ChemischeStof,2818
135TC1yBen,"1,3,5-trimethylbenzeen",108-67-8,ChemischeStof,45
135TClBen,"1,3,5-trichloorbenzeen",108-70-3,ChemischeStof,44
135TNO2Ben,"1,3,5-trinitrobenzeen",99-35-4,ChemischeStof,2403
135Talicaurt,"1,3,5-triallylisocyanuraat",1025-15-6,ChemischeStof,0
13C3yeDAeT4H,"1,3-propyleendiaminetatraazijnzuur",1939-36-2,ChemischeStof,2820
13Clal357Taz,"1-(3-chloorallyl)-3,5,7-triaza-1-azoniaadamantaanchloride",4080-31-3,ChemischeStof,2821
13DAoBen,"1,3-diaminobenzeen",108-45-2,ChemischeStof,2823
13DCl2C3ol,"1,3-dichloor-2-propanol",96-23-1,ChemischeStof,2260
13DCl5NO2Ben,"1,3-dichloor-5-nitrobenzeen",618-62-2,ChemischeStof,187
13DClBen,"1,3-dichloorbenzeen",541-73-1,ChemischeStof,47
13DClC3a,"1,3-dichloorpropaan",142-28-9,ChemischeStof,48
13DClC3e,"1,3-dichloorpropeen",542-75-6,ChemischeStof,49
13DHOxBen,"1,3-dihydroxybenzeen",108-46-3,ChemischeStof,1460
13DNO2Ben,"1,3-dinitrobenzeen",99-65-0,ChemischeStof,2825
13DOxan,"1,3-dioxaan",505-22-6,ChemischeStof,2826
13DactBen,"1,3-diacetylbenzeen",6781-42-6,ChemischeStof,2822
13DiC3yeBen,"1,3-di-isopropylbenzeen",99-62-7,ChemischeStof,2824
13butDen,"1,3-butadieen",106-99-0,ChemischeStof,2819
13xyln,"1,3-xyleen",108-38-3,ChemischeStof,1147
14C4aDAe,"1,4-butaandiamine",110-60-1,ChemischeStof,2827
14C4aDoDgcdE,"1,4-butaandioldiglycidylether",2425-79-8,ChemischeStof,2828
14C4aDol,"1,4-butaandiol",110-63-4,ChemischeStof,53
14ClFyurum,1-(4-chloorfenyl)ureum,140-38-5,ChemischeStof,4942
14DAoBen,"1,4-diaminobenzeen",106-50-3,ChemischeStof,2830
14DAoBenDHCl,"1,4-diaminobenzeen dihydrochloride",624-18-0,ChemischeStof,2831
14DC1ox2356T,"1,4-dimethoxy-2,3,5,6-tetramethylbenzeen",13199-54-7,ChemischeStof,2832
14DC1oxBen,"1,4-dimethoxybenzeen",150-78-7,ChemischeStof,2833
14DC1y25DiC3,"1,4-dimethyl-2,5-diisopropylbenzeen",10375-96-9,ChemischeStof,2834
14DC2oxBen,"1,4-diethoxybenzeen",122-95-2,ChemischeStof,2835
14DC4oxBen,"1,4-dibutoxybenzeen",104-36-9,ChemischeStof,2836
14DCl2C4e,"1,4-dichloor-2-buteen",764-41-0,ChemischeStof,2837
14DClBen,"1,4-dichloorbenzeen",106-46-7,ChemischeStof,54
14DClC4a,"1,4-dichloorbutaan",110-56-5,ChemischeStof,2838
14DHOxBen,"1,4-dihydroxybenzeen",123-31-9,ChemischeStof,875
14DNO2Ben,"1,4-dinitrobenzeen",100-25-4,ChemischeStof,2840
14DOxan,"1,4-dioxaan",123-91-1,ChemischeStof,2841
14DactBen,"1,4-diacetylbenzeen",1009-61-6,ChemischeStof,2829
14DiC3yeBen,"1,4-di-isopropylbenzeen",100-18-5,ChemischeStof,2839
14iC3yFy3C1y,1-(4-isopropylfenyl)-3-methylureum,34123-57-4,ChemischeStof,4943
14iC3yFyurum,1-(4-isopropylfenyl)ureum,56046-17-4,ChemischeStof,4944
14xyln,"1,4-xyleen",106-42-3,ChemischeStof,1362
15C5aDAe,"1,5-pentaandiamine",462-94-2,ChemischeStof,2842
16DC1yNaf,"1,6-dimethylnaftaleen",575-43-9,ChemischeStof,2843
17aestDol,17alpha-estradiol,57-91-0,ChemischeStof,2312
17bestDol,17beta-estradiol,50-28-2,ChemischeStof,2314
17naftrdne,"1,7-naftyridine",253-69-0,ChemischeStof,2845
18cinole,"1,8-cineole",470-82-6,ChemischeStof,2846
1Ao2C1yatqnn,1-amino-2-methylanthraquinon,82-28-0,ChemischeStof,2847
1AoC10a,1-aminodecaan,2016-57-1,ChemischeStof,1815
1AoC4a,1-aminobutaan,109-73-9,ChemischeStof,414
1AoC8a,1-aminooctaan,111-86-4,ChemischeStof,1950
1AoNaf,1-aminonaftaleen,134-32-7,ChemischeStof,2404
1C16e,1-hexadeceen,629-73-2,ChemischeStof,4945
1C16ol,1-hexadecanol,36653-82-4,ChemischeStof,2849
1C1oxC3ol,1-methoxy-2-propanol,107-98-2,ChemischeStof,65
1C1oxC4a,1-methoxybutaan,628-28-4,ChemischeStof,2850
1C1y2C3yBen,1-methyl-2-propylbenzeen,1074-17-5,ChemischeStof,2851
1C1y2prldnn,1-methyl-2-pyrrolidinon,872-50-4,ChemischeStof,67
1C1yC12yBen,1-methyldodecylbenzeen,4534-53-6,ChemischeStof,2852
1C1yNaf,1-methylnaftaleen,90-12-0,ChemischeStof,68
1C2ox2C3ol,1-ethoxy-2-propanol,1569-02-4,ChemischeStof,64
1C2y1NO2sura,1-ethyl-1-nitrosourea,759-73-9,ChemischeStof,2853
1C2yC10yBen,(1-ethyldecyl)-benzeen,2400-00-2,ChemischeStof,4946
1C2yC9yBen,(1-ethylnonyl)-benzeen,4536-87-2,ChemischeStof,4947
1C2yididn,1-ethylideenindeen,2471-83-2,ChemischeStof,2854
1C3e,1-propeen,115-07-1,ChemischeStof,2855
1C3ol2ClPO4,1-propanol-2-chloorfosfaat,6145-73-9,ChemischeStof,2856
1C3yBen,1-propylbenzeen,103-65-1,ChemischeStof,1434
1C3yC9yBen,(1-propylnonyl)-benzeen,2719-64-4,ChemischeStof,4948
1C4yC7yBen,1-(butylheptyl)-benzeen,4537-15-9,ChemischeStof,2857
1C4yC8yBen,(1-butyloctyl)-benzeen,2719-63-3,ChemischeStof,4949
1C5yC8yBen,1-(pentyloctyl)-benzeen,4534-49-0,ChemischeStof,2858
1C6Ol,1-hexanol,111-27-3,ChemischeStof,1728
1C7al,1-heptanal,111-71-7,ChemischeStof,858
1C7y2C1yccC3,1-heptyl-2-methyl-cyclopropaan,74663-91-5,ChemischeStof,2859
1C8ol,1-octanol,111-87-5,ChemischeStof,71
1Cl24DNO2Ben,"1-chloor-2,4-dinitrobenzeen",97-00-7,ChemischeStof,2860
1Cl2NO2Ben,1-chloor-2-nitrobenzeen,88-73-3,ChemischeStof,59
1Cl3NO2Ben,1-chloor-3-nitrobenzeen,121-73-3,ChemischeStof,60
1Cl4NO2Ben,1-chloor-4-nitrobenzeen,100-00-5,ChemischeStof,61
1ClC16a,1-chloorhexadecaan,4860-03-1,ChemischeStof,2862
1ClC3a,1-chloorpropaan,540-54-5,ChemischeStof,2863
1ClNaf,1-chloornaftaleen,90-13-1,ChemischeStof,62
1Fy1C5e3on,1-fenyl-1-penteen-3-on,3152-68-9,ChemischeStof,2864
1Fy2C2ol,1-fenyl-2-ethanol,60-12-8,ChemischeStof,765
1FyC2yAe,a-fenylethylamine,618-36-0,ChemischeStof,2865
1HOxNaf,1-hydroxynaftaleen,90-15-3,ChemischeStof,69
1HOxPyr,1-hydroxypyreen,5315-79-7,ChemischeStof,2866
1NO2Naf,1-nitronaftaleen,86-57-7,ChemischeStof,2870
1NO2Pyr,1-nitropyreen,5522-43-0,ChemischeStof,70
1Nafactntl,1-naftaleenacetonitril,132-75-2,ChemischeStof,2869
1heneicsfmt,1-heneicosylformaat,77899-03-7,ChemischeStof,4950
1iC3y3C1yBen,1-isopropyl-3-methyl-benzeen (m-cymeen),535-77-3,ChemischeStof,2867
1iC3y4C1yBen,1-isopropyl-4-methyl-benzeen,99-87-6,ChemischeStof,1360
1iCNC18a,1-isocyanaat-octadecaan,112-96-9,ChemischeStof,4951
1indnn,1-indanon,83-33-0,ChemischeStof,2868
1skamfr,(1S)-kamfer,464-48-2,ChemischeStof,2871
1tC4ox2C2oxC,1-tert-butoxy-2-ethoxyethaan,51422-54-9,ChemischeStof,2872
222C4oxC2oxC,2-(2-(2-butoxyethoxy)ethoxy)ethanol,143-22-6,ChemischeStof,2873
224C9yfOxC2o,2-(2-(4-nonylfenoxy)ethoxy)ethanol,20427-84-3,ChemischeStof,4952
224TC1y13C02,"2,2,4-trimethyl-1,3-pentaandioldiisobutyraat",6846-50-0,ChemischeStof,2874
224TC1y13C5a,"2,2,4-trimethyl-1,3-pentaandiol",144-19-4,ChemischeStof,2875
224TC1yC5a,"2,2,4-trimethylpentaan",540-84-1,ChemischeStof,898
2255T4C4yT4H,"2,2,5,5,-tetramethyl-tetrahydrofuran",15045-43-9,ChemischeStof,2876
2266T4ClccC6,"2,2,6,6-tetrachloorcyclohexanon",3776-30-5,ChemischeStof,2877
22C4oxC2ox02,2-(2-butoxyethoxy)ethylacetaat,124-17-4,ChemischeStof,2878
22C4oxC2oxC2,2-(2-butoxyethoxy)ethanol,112-34-5,ChemischeStof,1787
22DBr2caacam,"2,2-dibroom-2-cyaanaceetamide",10222-01-2,ChemischeStof,2879
22DC1oxC3a,"2,2-dimethoxypropaan",77-76-9,ChemischeStof,4953
22DClC3a,"2,2-dichloorpropaan",594-20-7,ChemischeStof,1729
22DClDC2yEtr,"2,2-dichloordiethylether",111-44-4,ChemischeStof,2338
22DClbzdne,"2,2'-dichloorbenzidine",84-68-4,ChemischeStof,2880
22DClppozr,"2,2-dichloorpropionzuur",75-99-0,ChemischeStof,2881
22DbztazDS,"2,2-dibenzothiazyldisulfide",120-78-5,ChemischeStof,4954
2345T4ClAn,"2,3,4,5-tetrachlooraniline",634-83-3,ChemischeStof,2882
2345T4ClFol,"2,3,4,5-tetrachloorfenol",4901-51-3,ChemischeStof,78
2346T4ClAn,"2,3,4,6-tetrachlooraniline",654-36-4,ChemischeStof,2883
2346T4ClFol,"2,3,4,6-tetrachloorfenol",58-90-2,ChemischeStof,80
234TC1yAn,"2,3,4-trimethylaniline",1467-35-2,ChemischeStof,2884
234TClAn,"2,3,4-trichlooraniline",634-67-3,ChemischeStof,82
234TClFol,"2,3,4-trichloorfenol",15950-66-0,ChemischeStof,83
2356T4ClAn,"2,3,5,6-tetrachlooraniline",3481-20-7,ChemischeStof,2885
2356T4ClFol,"2,3,5,6-tetrachloorfenol",935-95-5,ChemischeStof,84
235TC1yFol,"2,3,5-trimethylfenol",697-82-5,ChemischeStof,87
235TClAn,"2,3,5-trichlooraniline",18487-39-3,ChemischeStof,2886
235TClFol,"2,3,5-trichloorfenol",933-78-8,ChemischeStof,86
235Tmtcb,"2,3,5-trimethacarb",2655-15-4,ChemischeStof,2887
236TC1yC7a,"2,3,6-trimethylheptaan",4032-93-3,ChemischeStof,2888
236TClAn,"2,3,6-trichlooraniline",88963-39-7,ChemischeStof,2889
236TClFol,"2,3,6-trichloorfenol",933-75-5,ChemischeStof,89
23C4aDol,dimethylglycol,513-85-9,ChemischeStof,662
23C4aDon,"2,3-butadion",431-03-8,ChemischeStof,2890
23DC1yC4a,"2,3-dimethylbutaan",79-29-8,ChemischeStof,96
23DC1yFol,"2,3-dimethylfenol",526-75-0,ChemischeStof,97
23DC1yprdne,"2,3-dimethylpyridine",583-61-9,ChemischeStof,2891
23DClAn,"2,3-dichlooraniline",608-27-5,ChemischeStof,93
23DClBencbzr,"2,3-dichloorbenzeencarbonzuur",50-45-3,ChemischeStof,4955
23DClC3e,"2,3-dichloorpropeen",78-88-6,ChemischeStof,92
23DClC3ol,"2,3-dichloorpropanol",616-23-9,ChemischeStof,2261
23DClFol,"2,3-dichloorfenol",576-24-9,ChemischeStof,94
23DClFyiCN,"2,3-dichloorfenylisocyanaat",41195-90-8,ChemischeStof,2892
23DClNO2Ben,"2,3-dichloornitrobenzeen",3209-22-1,ChemischeStof,95
23DHindl2on,"2,3-dihydroindol-2-on",59-48-3,ChemischeStof,2893
23DNO2Fol,"2,3-dinitrofenol",66-56-8,ChemischeStof,98
23DNO2Tol,"2,3-dinitrotolueen",602-01-7,ChemischeStof,1731
23xyldne,"2,3-xylidine",87-59-2,ChemischeStof,2894
244TC1y13C5a,"2,4,4-trimethyl-1,3-pentaandiol-1-isobutyraat",74367-34-3,ChemischeStof,2895
245T,"2,4,5-trichloorfenoxyazijnzuur",93-76-5,ChemischeStof,102
245TC1yAn,"2,4,5-trimethylaniline",137-17-7,ChemischeStof,2896
245TClAn,"2,4,5-trichlooraniline",636-30-6,ChemischeStof,100
245TClFol,"2,4,5-trichloorfenol",95-95-4,ChemischeStof,101
245TP,"2,4,5-trichloorfenoxypropionzuur",93-72-1,ChemischeStof,103
246TBrFol,"2,4,6-tribroomfenol",118-79-6,ChemischeStof,2897
246TC1yAn,"2,4,6-trimethylaniline",88-05-1,ChemischeStof,2898
246TC1yFol,"2,4,6-trimethylfenol",527-60-6,ChemischeStof,107
246TC1yprdne,"2,4,6-trimethylpyridine",108-75-8,ChemischeStof,2899
246TClAn,"2,4,6-trichlooraniline",634-93-5,ChemischeStof,104
246TClFol,"2,4,6-trichloorfenol",88-06-2,ChemischeStof,106
246TNO2Fol,"2,4,6-trinitrofenol",88-89-1,ChemischeStof,1733
2479T4C1y5dc,"2,4,7,9-tetramethyl-5-decyn-4,7-diol",126-86-3,ChemischeStof,2900
24810T4Oasr5,"2,4,8,10 tetraoxaspiro(5.5)undecaan",126-54-5,ChemischeStof,2901
24D,"2,4-dichloorfenoxyazijnzuur",94-75-7,ChemischeStof,116
24D2C2y4C1yC,"2,4-D 2-ethyl-4-methylpentyl ester",53404-37-8,ChemischeStof,2902
24D2C2yC6yEs,"2,4-D 2-ethylhexylester",1928-43-4,ChemischeStof,2903
24DAoTol,"2,4-diaminotolueen",95-80-7,ChemischeStof,2906
24DAoansSO4,"2,4-diaminoanisolsulfaat",39156-41-7,ChemischeStof,2905
24DAoansl,"2,4-diaminoanisol",615-05-4,ChemischeStof,2904
24DB,"2,4-dichloorfenoxyboterzuur",94-82-6,ChemischeStof,117
24DC1y3C6ol,"2,4-dimethyl-3-hexanol",13432-25-2,ChemischeStof,2907
24DC1yBenAh,"2,4-dimethylbenzaldehyde",15764-16-6,ChemischeStof,2908
24DC1yC5a,"2,4-dimethylpentaan",108-08-7,ChemischeStof,122
24DC1yC5on,"2,4-dimethyl-3-pentanon",565-80-0,ChemischeStof,2909
24DC1yC6a,"2,4-dimethylhexaan",589-43-5,ChemischeStof,2723
24DC1yFol,"2,4-dimethylfenol",105-67-9,ChemischeStof,124
24DC1yprdne,"2,4-dimethylpyridine",108-47-4,ChemischeStof,2910
24DC1yqnlne,"2,4-dimethylquinoline",1198-37-4,ChemischeStof,2911
24DC3yegC4yE,"2,4-D propyleen glycol butyl ether ester",1320-18-9,ChemischeStof,2912
24DC4oxC2yEs,"2,4-D butoxyethylester",1929-73-3,ChemischeStof,2913
24DC4yEsr,"2,4-D butyl ester",94-80-4,ChemischeStof,2914
24DCl6NO2An,"2,4-dichloor-6-nitroaniline",2683-43-4,ChemischeStof,2915
24DClAn,"2,4-dichlooraniline",554-00-7,ChemischeStof,114
24DClFol,"2,4-dichloorfenol",120-83-2,ChemischeStof,115
24DClNO2Ben,"2,4-dichloornitrobenzeen",611-06-3,ChemischeStof,118
24DClctEsr,"2,4-D chloorcrotyl-ester",2971-38-2,ChemischeStof,2916
24DDD,"2,4'-dichloordifenyldichloorethaan",53-19-0,ChemischeStof,111
24DDE,"2,4'-dichloordifenyldichlooretheen",3424-82-6,ChemischeStof,112
24DDT,"2,4'-dichloordifenyltrichloorethaan",789-02-6,ChemischeStof,113
24DNO2An,"2,4-dinitroaniline",97-02-9,ChemischeStof,2921
24DNO2Fol,"2,4-dinitrofenol",51-28-5,ChemischeStof,669
24DNO2Tol,"2,4-dinitrotolueen",121-14-2,ChemischeStof,1735
24DNazt,"2,4-D natrium zout",2702-72-9,ChemischeStof,2920
24DP,"2,4-dichloorfenoxypropionzuur",120-36-5,ChemischeStof,140
24DiC3yEsr,"2,4-D isopropyl ester",94-11-1,ChemischeStof,2919
24DttC4yFol,"2,4-di-tertiar-butylfenol",96-76-4,ChemischeStof,2923
24TolDiCN,"2,4-tolueendiisocyanaat",584-84-9,ChemischeStof,2924
24xyldne,"2,4-xylidine",95-68-1,ChemischeStof,125
25811T4OaC12,"2,5,8,11-tetraoxadodecaan",112-49-2,ChemischeStof,2925
25DC1yC6a,"2,5-dimethylhexaan",592-13-2,ChemischeStof,130
25DC1yFol,"2,5-dimethylfenol",95-87-4,ChemischeStof,132
25DC2oxAn,"2,5-diethoxyaniline",94-85-9,ChemischeStof,2626
25DCl4NO2An,"2,5-dichloor-4-nitroaniline",6627-34-5,ChemischeStof,2927
25DCl6NO2An,"2,5-dichloor-6-nitroaniline",NVT,ChemischeStof,2844
25DClAn,"2,5-dichlooraniline",95-82-9,ChemischeStof,126
25DClFol,"2,5-dichloorfenol",583-78-8,ChemischeStof,127
25DClNO2Ben,"2,5-dichloornitrobenzeen",89-61-2,ChemischeStof,128
25DNO2Fol,"2,5-dinitrofenol",329-71-5,ChemischeStof,131
25furDon,"2,5-furaandion",108-31-6,ChemischeStof,1923
25xyldne,"2,5-xylidine",95-78-3,ChemischeStof,2930
261014T4C102,"2,6,10,14-tetramethylhexadecaan",638-36-8,ChemischeStof,2931
261014T4C1yC,"2,6,10,14-tetramethylpentadecaan",1921-70-6,ChemischeStof,2932
26DC1y4C7on,"2,6-dimethyl-4-heptanon",108-83-8,ChemischeStof,1828
26DC1yFol,"2,6-dimethylfenol",576-26-1,ChemischeStof,137
26DC1yprdne,"2,6-dimethylpyridine",108-48-5,ChemischeStof,2933
26DC1yqnlne,"2,6-dimethylquinoline",877-43-0,ChemischeStof,2934
26DC2yAn,"2,6-diethylaniline",579-66-8,ChemischeStof,2935
26DCl3C1yAn,"2,6-dichloor-3-methylaniline",64063-37-2,ChemischeStof,2936
26DCl4C1yFol,"2,6-dichloor-4-methylfenol",2432-12-4,ChemischeStof,2596
26DCl4NO2An,"2,6-dichloor-4-nitroaniline",99-30-9,ChemischeStof,625
26DClAn,"2,6-dichlooraniline",608-31-1,ChemischeStof,134
26DClBenAd,"2,6-dichloorbenzamide",2008-58-4,ChemischeStof,135
26DClFbAd,"2,6-dichloorfluorbenzamide",NVT,ChemischeStof,2848
26DClFol,"2,6-dichloorfenol",87-65-0,ChemischeStof,136
26DFBenAd,"2,6-difluorbenzamide",18063-03-1,ChemischeStof,2939
26DNO2An,"2,6-dinitroaniline",606-22-4,ChemischeStof,2940
26DNO2Fol,"2,6-dinitrofenol",573-56-8,ChemischeStof,138
26DNO2Tol,"2,6-dinitrotolueen",606-20-2,ChemischeStof,1736
26DttC4y14be,"2,6-di-tert-butyl-1,4-benzochinon",719-22-2,ChemischeStof,2941
26DttC4yFol,"2,6-di-tert-butylfenol",128-39-2,ChemischeStof,2942
26TolDiCN,"2,6-tolueendiisocyanaat",91-08-7,ChemischeStof,2943
26xyldne,"2,6-xylidine",87-62-7,ChemischeStof,2944
2Ao4ClFol,2-amino-4-chloorfenol,95-85-2,ChemischeStof,2949
2AoC2ypprzne,2-aminoethylpiperazine,140-31-8,ChemischeStof,2212
2AoNaf,2-aminonaftaleen,91-59-8,ChemischeStof,2952
2Aoactfnn,2-aminoacetofenon,551-93-9,ChemischeStof,2950
2Aoatcnn,2-aminoanthrachinon,117-79-3,ChemischeStof,2951
2Aobztzl,2-aminobenzothiazool,136-95-8,ChemischeStof,4956
2Br14HOFyC2a,2-broom-1-(4-hydroxyfenyl)ethaan-1-on,2491-38-5,ChemischeStof,2953
2C11on,2-undecanon,112-12-9,ChemischeStof,2954
2C19on,2-nonadecanon,629-66-3,ChemischeStof,2955
2C1ox2C1yC4a,2-methoxy-2-methylbutaan,994-05-8,ChemischeStof,2956
2C1ox4NO2Fol,2-methoxy-4-nitrofenol,3251-56-7,ChemischeStof,4957
2C1oxAn,2-methoxyaniline,90-04-0,ChemischeStof,2957
2C1oxC2ol,2-methoxyethanol,109-86-4,ChemischeStof,158
2C1oxNaf,2-methoxynaftaleen,93-04-9,ChemischeStof,2958
2C1y1C3al,2-methyl-1-propanal,78-84-2,ChemischeStof,2959
2C1y1Fy2C3ol,2-methyl-1-fenyl-2-propanol,100-86-7,ChemischeStof,2960
2C1y2C4ol,2-methyl-2-butanol,75-85-4,ChemischeStof,2962
2C1y2Hitaz3o,2-methyl-2H-isothiazool-3-on,2682-20-4,ChemischeStof,2963
2C1y2bztazl,2-methyl-2-benzotriazool,16584-00-2,ChemischeStof,2961
2C1y2tazlne,2-methyl-2-thiazoline,2346-00-1,ChemischeStof,2964
2C1y5NO2imdz,2-methyl-5-nitroimidazool,696-23-1,ChemischeStof,2965
2C1yAn,2-methylaniline,95-53-4,ChemischeStof,1340
2C1yC3ol,2-methylpropanol (iso-butanol),78-83-1,ChemischeStof,894
2C1yC4a,2-methylbutaan,78-78-4,ChemischeStof,162
2C1yC5a,2-methylpentaan,107-83-5,ChemischeStof,166
2C1yC6a,2-methylhexaan,591-76-4,ChemischeStof,164
2C1yC6azr,2-methylhexaanzuur,4536-23-6,ChemischeStof,2967
2C1yC7a,2-methylheptaan,592-27-8,ChemischeStof,163
2C1yNaf,2-methylnaftaleen,91-57-6,ChemischeStof,165
2C1ybztazl,2-methylbenzothiazool,120-75-2,ChemischeStof,2966
2C1yidl,2-methylindol,95-20-5,ChemischeStof,2968
2C1yltntl,2-methyllactonitril,75-86-5,ChemischeStof,2969
2C1yprdne,2-methylpyridine,109-06-8,ChemischeStof,167
2C1yqnlne,2-methylquinoline,91-63-4,ChemischeStof,2970
2C1ytobztazl,2-methylthiobenzothiazool,615-22-5,ChemischeStof,2971
2C2ox2C1yC3a,2-ethoxy-2-methylpropaan,637-92-3,ChemischeStof,1852
2C2oxC2ol,2-ethoxyethanol,110-80-5,ChemischeStof,149
2C2y1C6ol,2-ethyl-1-hexanol,104-76-7,ChemischeStof,736
2C2yC6azr,2-ethylhexaanzuur,149-57-5,ChemischeStof,152
2C2yC6y4C1ox,2-ethylhexyl-4-methoxycinnamaat,5466-77-3,ChemischeStof,2972
2C2yC6yDFyPO,2-ethylhexyldifenylfosfaat,1241-94-7,ChemischeStof,2973
2C2yC6yNO3,2-ethylhexylnitraat,27247-96-7,ChemischeStof,4958
2C2yC6yaclt,2-ethylhexylacrylaat,103-11-7,ChemischeStof,153
2C2yFol,2-ethylfenol,90-00-6,ChemischeStof,151
2C2yTol,2-ethyltolueen,611-14-3,ChemischeStof,154
2C3ezr,2-propeenzuur,79-10-7,ChemischeStof,255
2C3ol,2-propanol,67-63-0,ChemischeStof,174
2C3y2C7eal,2-propyl-2-heptenal,34880-43-8,ChemischeStof,4959
2C3yC7azrC1y,2-propylheptaanzuur methylester,56247-53-1,ChemischeStof,4960
2C3yFol,2-propylfenol,644-35-9,ChemischeStof,168
2C3yeBen,2-propenylbenzeen,300-57-2,ChemischeStof,2974
2C4ol,2-butanol,78-92-2,ChemischeStof,142
2C4on,2-butanon (MEK),78-93-3,ChemischeStof,1171
2C4oxC2ol,2-butoxyethanol,111-76-2,ChemischeStof,418
2C4oxC2yactt,2-butoxyethylacetaat,112-07-2,ChemischeStof,4961
2C5on,2-pentanon,107-87-9,ChemischeStof,173
2C6ol,2-hexanol,626-93-7,ChemischeStof,4962
2C6on,2-hexanon,591-78-6,ChemischeStof,156
2C8ol,2-octanol,123-96-6,ChemischeStof,171
2C8y2Hitaz3o,2-octyl-2H-isothiazool-3-on,26530-20-1,ChemischeStof,2978
2Cl11DC1yC2y,"2-chloor-1,1-dimethylethylbenzeen",515-40-2,ChemischeStof,2979
2Cl2C3eol,2-chloor-2-propeen-ol,5976-47-6,ChemischeStof,2980
2Cl4C1yAn,2-chloor-4-methylaniline,615-65-6,ChemischeStof,2981
2Cl4NO2An,2-chloor-4-nitroaniline,121-87-9,ChemischeStof,2982
2Cl4NO2Tol,2-chloor-4-nitrotolueen,121-86-8,ChemischeStof,2983
2Cl5C1yAn,2-chloor-5-methylaniline,95-81-8,ChemischeStof,2984
2Cl5C1yFol,2-chloor-5-methylfenol,615-74-7,ChemischeStof,144
2Cl5NO2An,2-chloor-5-nitroaniline,6283-25-6,ChemischeStof,2985
2Cl5NO2Tol,2-chloor-5-nitrotolueen,13290-74-9,ChemischeStof,2986
2Cl6C1yAn,2-chloor-6-methylaniline,87-63-8,ChemischeStof,2987
2Cl6C1yFol,2-chloor-6-methylfenol,87-64-9,ChemischeStof,2597
2Cl6FBenAd,2-chloor-6-fluorbenzamide,66073-54-9,ChemischeStof,2989
2Cl6NO2An,2-chloor-6-nitroaniline,769-11-9,ChemischeStof,2990
2Cl6NO2Tol,2-chloor-6-nitrotolueen,83-42-1,ChemischeStof,2991
2Cl6TClC1ypr,2-chloor-6-(trichloormethyl)pyridine,1929-82-4,ChemischeStof,2992
2ClAn,2-chlooraniline,95-51-2,ChemischeStof,145
2ClC2ol,2-chloorethanol,107-07-3,ChemischeStof,2995
2ClC3a,2-chloorpropaan,75-29-6,ChemischeStof,1737
2ClEyEtr,2-chloorethylether,628-34-2,ChemischeStof,2996
2ClFol,2-chloorfenol,95-57-8,ChemischeStof,146
2ClNaf,2-chloornaftaleen,91-58-7,ChemischeStof,147
2ClTol,2-chloortolueen,95-49-8,ChemischeStof,1330
2ClacAd,2-chlooraceetamide,79-07-2,ChemischeStof,2993
2Clactfnn,2-chlooracetofenon,532-27-4,ChemischeStof,2994
2FyAoC2ol,2-fenylamino-ethanol,122-98-5,ChemischeStof,4963
2FyC2yAe,b-fenylethylamine,64-04-0,ChemischeStof,2997
2FyFol,2-fenylfenol,90-43-7,ChemischeStof,1332
2FysfnAn,2-(fenylsulfonyl)aniline,4273-98-7,ChemischeStof,2998
2HOxC2yhdzne,2-hydroxyethylhydrazine,109-84-2,ChemischeStof,3001
2HOxNaf,2-naftol,135-19-3,ChemischeStof,169
2HOxatzne,2-hydroxyatrazine,2163-68-0,ChemischeStof,2999
2HOxbenztazl,2-hydroxybenzothiazol,934-34-9,ChemischeStof,3000
2HOxibpfn,2-hydroxyibuprofen,51146-55-5,ChemischeStof,0
2HOxppozC14y,2-hydroxypropionzuur tetradecylester,1323-03-1,ChemischeStof,4964
2NO2An,2-nitroaniline,88-74-4,ChemischeStof,1741
2NO2C3a,2-nitropropaan,79-46-9,ChemischeStof,3002
2NO2DFyAe,2-nitrodifenylamine,119-75-5,ChemischeStof,3003
2NO2Fol,2-nitrofenol,88-75-5,ChemischeStof,170
2NO2Tol,2-nitrotolueen,88-72-2,ChemischeStof,3005
2NO2pcsl,2-nitro-p-cresol,119-33-5,ChemischeStof,3004
2TFC1yAn,2-trifluormethylaniline,88-17-5,ChemischeStof,3006
2actAoFle,2-acetylaminofluoreen,53-96-3,ChemischeStof,2945
2actfrn,2-acetylfuran,1192-62-7,ChemischeStof,2946
2actprl,2-acetylpyrrol,1072-83-9,ChemischeStof,2947
2ansdnHCl,2-anisidine hydrochloride,134-29-2,ChemischeStof,2948
2benztazetol,2-benzothiazolethiol,149-30-4,ChemischeStof,1139
2bztazsfAd,2-benzothiazolsulfonamide,3741-80-8,ChemischeStof,4965
2ccC6yAotobz,2-(cyclohexylaminothio)benzothiazool,95-33-0,ChemischeStof,4966
2fenOx1C3ol,2-fenoxy-1-propanol,4169-04-4,ChemischeStof,4967
2fenOxC2ol,2-fenoxyethanol,122-99-6,ChemischeStof,1974
2furC1ol,2-furaanmethanol,98-00-0,ChemischeStof,812
2iC3yFol,2-isopropylfenol,88-69-7,ChemischeStof,157
2mflntobztaz,2-morfoline(thio)benzothiazool,102-77-2,ChemischeStof,4968
2t4tDcdeal,2-trans-4-trans-decadienal,25152-84-5,ChemischeStof,4969
2ttC4y4C1oxF,2-tert-butyl-4-methoxyfenol,121-00-6,ChemischeStof,4970
2ttC4yFol,2-tert-butylfenol,88-18-6,ChemischeStof,3007
33DC1oxbzdnD,"3,3'-dimethoxybenzidine dihydrochloride",20325-40-0,ChemischeStof,3008
33DC1oxbzdnH,"3,3'-dimethoxybenzidinehydrochloride",111984-09-9,ChemischeStof,3010
33DC1oxbzdne,"3,3'-dimethoxybenzidine",119-90-4,ChemischeStof,3009
33DC1ybzdnDH,"3,3'-dimethylbenzidine dihydrofluoride",41766-75-0,ChemischeStof,3011
33DC1ybzdne,"3,3'-dimethylbenzidine",119-93-7,ChemischeStof,3012
33DClbzdnDHC,"3,3'-dichloorbenzidine dihydrochloride",612-83-9,ChemischeStof,3013
33DClbzdnSO4,"3,3'-dichloorbenzidine sulfaat",64969-34-2,ChemischeStof,3014
33DClbzdne,"3,3'-dichloorbenzidine",91-94-1,ChemischeStof,175
345TC1yAn,"3,4,5-trimethylaniline",1639-31-2,ChemischeStof,3015
345TC1yFol,"3,4,5-trimethylfenol",527-54-8,ChemischeStof,2357
345TClAn,"3,4,5-trichlooraniline",634-91-3,ChemischeStof,176
345TClFol,"3,4,5-trichloorfenol",609-19-8,ChemischeStof,177
34C1yeDoxafA,"3,4-methyleendioxyamfetamine",4764-17-4,ChemischeStof,0
34DC1yAn,"3,4-dimethylaniline",95-64-7,ChemischeStof,3017
34DC1yFol,"3,4-dimethylfenol",95-65-8,ChemischeStof,184
34DC1yactfnn,"3,4-dimethylacetofenon",3637-01-2,ChemischeStof,3016
34DC1yprdne,"3,4-dimethylpyridine",583-58-4,ChemischeStof,3018
34DClAn,"3,4-dichlooraniline",95-76-1,ChemischeStof,178
34DClBencbzr,"3,4-dichloorbenzeencarbonzuur",51-44-5,ChemischeStof,4971
34DClFol,"3,4-dichloorfenol",95-77-2,ChemischeStof,179
34DClNO2Ben,"3,4-dichloornitrobenzeen",99-54-7,ChemischeStof,180
34DNO2Fol,"3,4-dinitrofenol",577-71-9,ChemischeStof,182
34DNO2Tol,"3,4-dinitrotolueen",610-39-9,ChemischeStof,1743
35DC1yAn,"3,5-dimethylaniline",108-69-0,ChemischeStof,3019
35DC1yFol,"3,5-dimethylfenol",108-68-9,ChemischeStof,188
35DC1yprdne,"3,5-dimethylpyridine",591-22-0,ChemischeStof,3020
35DClAn,"3,5-dichlooraniline",626-43-7,ChemischeStof,185
35DClFol,"3,5-dichloorfenol",591-35-5,ChemischeStof,186
35DNO2An,"3,5-dinitroaniline",618-87-1,ChemischeStof,3021
35DNO2Fol,"3,5-dinitrofenol",568-11-8,ChemischeStof,1744
371115T4C1y1,"3,7,11,15-tetramethyl-1hexadecanol",645-72-7,ChemischeStof,3022
37DC1y17C8aD,"3,7-dimethyl-1,7-octaandiol",107-74-4,ChemischeStof,4972
3Ao1C3e,3-amino-1-propeen,107-11-9,ChemischeStof,3023
3Ao25DClbzez,"3-amino-2,5-dichloor-benzoezuur",133-90-4,ChemischeStof,504
3Br1ClC3e,3-broom-1-chloorpropeen,3737-00-6,ChemischeStof,3024
3C10yacline,3-decylacroleine,7774-82-5,ChemischeStof,3025
3C16e,3-hexadeceen,34303-81-6,ChemischeStof,3026
3C1ox2C4ol,3-methoxy-2-butanol,53778-72-6,ChemischeStof,4973
3C1y12ccC5aD,"3-methyl-1,2-cyclopentaandion",765-70-8,ChemischeStof,3027
3C1yAn,3-methylaniline,108-44-1,ChemischeStof,208
3C1yC5a,3-methylpentaan,96-14-0,ChemischeStof,211
3C1yC5azr,3-methylpentaanzuur,105-43-1,ChemischeStof,4974
3C1yC6a,3-methylhexaan,589-34-4,ChemischeStof,210
3C1yC7a,3-methylheptaan,598-81-1,ChemischeStof,209
3C1yactfnn,3-methylacetofenon,585-74-0,ChemischeStof,3028
3C1ycltn,3-methylcholantreen,56-49-5,ChemischeStof,3029
3C1yprdne,3-methylpyridine,108-99-6,ChemischeStof,212
3C2y4C1yprl2,"3-ethyl-4-methylpyrrol-2,5-dion",20189-42-8,ChemischeStof,3030
3C2yFol,3-ethylfenol,620-17-7,ChemischeStof,201
3C2yTol,3-ethyltolueen,620-14-4,ChemischeStof,202
3C5ol,3-pentanol,584-02-1,ChemischeStof,3031
3Cl2C1y1C3e,3-chloor-2-methyl-1-propeen,563-47-3,ChemischeStof,3032
3Cl2C1yAn,3-chloor-2-methylaniline,87-60-5,ChemischeStof,3033
3Cl2NO2An,3-chloor-2-nitroaniline,59483-54-4,ChemischeStof,3034
3Cl4C1oxAn,3-chloor-4-methoxyaniline,5345-54-0,ChemischeStof,3035
3Cl4C1yAn,3-chloor-4-methylaniline,95-74-9,ChemischeStof,196
3Cl4C1yFyura,(3-chloor-4-methylfenyl)urea,13142-64-8,ChemischeStof,3036
3Cl4NO2Tol,3-chloor-4-nitrotolueen,38939-88-7,ChemischeStof,3037
3ClAn,3-chlooraniline,108-42-9,ChemischeStof,197
3ClC3antl,3-chloorpropaannitril,542-76-7,ChemischeStof,3038
3ClC3e,3-chloorpropeen,107-05-1,ChemischeStof,194
3ClFol,3-chloorfenol,108-43-0,ChemischeStof,198
3ClNNDC1yAn,"3-chloor-N,N-dimethylaniline",6848-13-1,ChemischeStof,3039
3ClTol,3-chloortolueen,108-41-8,ChemischeStof,1144
3Fyoazldne,3-fenyloxazolidine,20503-92-8,ChemischeStof,4975
3HOxcbfrn,3-hydroxycarbofuran,16655-82-6,ChemischeStof,205
3NO2An,3-nitroaniline,99-09-2,ChemischeStof,2333
3NO2Fol,3-nitrofenol,554-84-7,ChemischeStof,213
3NO2Tol,3-nitrotolueen,99-08-1,ChemischeStof,3040
3iC3yFol,3-isopropylfenol,618-45-1,ChemischeStof,206
3ketcbfrn,3-ketocarbofuraan,16709-30-1,ChemischeStof,463
3ttC4yFol,3-tertiair-butylfenol,585-34-2,ChemischeStof,3041
3vn4C1yprl25,"3-vinyl-4-methylpyrrool-2,5-dion",21494-57-5,ChemischeStof,3042
41HOx1C1yC2y,4-(1-hydroxy-1-methylethyl)-acetofenon,54549-72-3,ChemischeStof,3043
44C1yeDAn,"4,4'-methyleendianiline",101-77-9,ChemischeStof,3046
44C1yeb2ClAn,"4,4'-methyleenbis(2-chlooraniline)",101-14-4,ChemischeStof,3044
44C1yebNNDC1,"4,4'-methyleenbis(N,N-dimethylaniline)",101-61-1,ChemischeStof,3045
44DAoDFyEtr,"4,4'-diaminodifenylether",101-80-4,ChemischeStof,3047
44DClbzfnn,"4,4'-dichloorbenzofenon",90-98-2,ChemischeStof,3048
44DDD,"4,4'-dichloordifenyldichloorethaan",72-54-8,ChemischeStof,215
44DDE,"4,4'-dichloordifenyldichlooretheen",72-55-9,ChemischeStof,216
44DDT,"4,4'-dichloordifenyltrichloorethaan",50-29-3,ChemischeStof,217
44sulfnDFol,"4,4-sulfonyldifenol",80-09-1,ChemischeStof,3049
44thiobBenAe,"4,4'-thiobisbenzeenamine",139-65-1,ChemischeStof,3050
45DCl2C8y2Hi,"4,5-dichloor-2-octyl-2H-isothiazool-3-on",64359-81-5,ChemischeStof,3051
45DCl2NO2An,"4,5-dichloor-2-nitroaniline",6641-64-1,ChemischeStof,3052
45DCl3H12Dto,"4,5-dichloor-3H-1,2-dithiool-3-on",1192-52-5,ChemischeStof,3053
4AoDFy,4-aminodifenyl,92-67-1,ChemischeStof,2410
4Aoatprne,4-aminoantipyrine,83-07-8,ChemischeStof,3054
4AoazBen,4-aminoazobenzeen,60-09-3,ChemischeStof,3055
4BrAn,4-broomaniline,106-40-1,ChemischeStof,3056
4BrFyFyEtr,4-broomfenylfenylether,101-55-3,ChemischeStof,2334
4C1ox2NO2An,4-methoxy-2-nitroaniline,96-96-8,ChemischeStof,3057
4C1oxbzAh,4-methoxybenzaldehyde,123-11-5,ChemischeStof,4976
4C1y2C5ol,4-methyl-2-pentanol,108-11-2,ChemischeStof,1749
4C1y2C5on,4-methyl-2-pentanon (MIBK),108-10-1,ChemischeStof,1175
4C1y2NO2An,4-methyl-2-nitroaniline,89-62-3,ChemischeStof,3060
4C1y3NO2An,4-methyl-3-nitroaniline,119-32-4,ChemischeStof,3061
4C1y3tazlne,4-methyl-3-thiazoline,52558-99-3,ChemischeStof,3062
4C1yAn,4-methylaniline,106-49-0,ChemischeStof,3063
4C1ycarbzl,4-methylcarbazol,3770-48-7,ChemischeStof,3064
4C1yidl,4-methylindol,16096-32-5,ChemischeStof,3065
4C1yqnlne,4-methylquinoline,491-35-0,ChemischeStof,3066
4C1yvlrazr,4-methylvaleriaanzuur,646-07-1,ChemischeStof,3067
4C2y1ot3ol,4-ethyl-1-octyn-3-ol,5877-42-9,ChemischeStof,4977
4C2y35DC1yFo,"4-ethyl-3,5-dimethylfenol",62126-77-6,ChemischeStof,3068
4C2y4C6ymfln,4-ethyl-4-hexadecylmorpholiniumethylsulfaat,78-21-7,ChemischeStof,3069
4C2yFol,4-ethylfenol,123-07-9,ChemischeStof,230
4C2yTol,4-ethyltolueen,622-96-8,ChemischeStof,232
4C4oxC4azr,4-butoxybutaanzuur,55724-73-7,ChemischeStof,3071
4C4oxFol,4-butoxyfenol,122-94-1,ChemischeStof,3072
4C8yFol,4-n-octylfenol,1806-26-4,ChemischeStof,3073
4C9yFol,4-nonylfenol,104-40-5,ChemischeStof,2364
4CPA,4-chloorfenoxyazijnzuur,122-88-3,ChemischeStof,2412
4Cl26DNO2An,"4-chloor-2,6-dinitroaniline",5388-62-5,ChemischeStof,3074
4Cl2C1yAn,4-chloor-2-methylaniline (p-chloor-o-toluidine),95-69-2,ChemischeStof,3075
4Cl2C1yFol,4-chloor-2-methylfenol,1570-64-5,ChemischeStof,224
4Cl2NO2An,4-chloor-2-nitroaniline,89-63-4,ChemischeStof,3077
4Cl2NO2Tol,4-chloor-2-nitrotolueen,89-59-8,ChemischeStof,3079
4Cl2NO2ansl,4-chloor-2-nitroanisool,89-21-4,ChemischeStof,3078
4Cl3C1yAn,4-chloor-3-methylaniline,7149-75-9,ChemischeStof,3080
4Cl3C1yFol,4-chloor-3-methylfenol,59-50-7,ChemischeStof,227
4Cl3NO2Tol,4-chloor-3-nitrotolueen,89-60-1,ChemischeStof,3082
4ClAn,4-chlooraniline,106-47-8,ChemischeStof,228
4ClFol,4-chloorfenol,106-48-9,ChemischeStof,229
4ClFyFyEtr,4-chloorfenyl fenylether,7005-72-3,ChemischeStof,2413
4ClNC1yAn,4-chloor-N-methylaniline,932-96-7,ChemischeStof,3083
4ClTol,4-chloortolueen,106-43-4,ChemischeStof,1358
4Cy1cycC6on,4-methylcyclohexanon,589-92-4,ChemischeStof,1750
4DC1yAoazBen,4-dimethylaminoazobenzeen,60-11-7,ChemischeStof,2423
4HccPedefFen,"4H-cyclopenta[d,e,f]fenantreen-4-on",5737-13-3,ChemischeStof,0
4Hox4C1y2C5o,4-hydroxy-4-methyl-2-pentanon,123-42-2,ChemischeStof,588
4NO2An,4-nitroaniline,100-01-6,ChemischeStof,2335
4NO2DC1yAn,4-nitrodimethylaniline,100-23-2,ChemischeStof,4978
4NO2DFy,4-nitrodifenyl,92-93-3,ChemischeStof,3086
4NO2DFyAe,4-nitrodifenylamine,836-30-6,ChemischeStof,3087
4NO2Fol,4-nitrofenol,100-02-7,ChemischeStof,235
4NO2sDFyAe,4-nitrosodifenylamine,156-10-5,ChemischeStof,3088
4Ooifrn,4-oxoisoforon,1125-21-9,ChemischeStof,3089
4cumFol,4-cumylfenol,599-64-4,ChemischeStof,3084
4iC3yAn,4-isopropylaniline (Cumidine),99-88-7,ChemischeStof,3085
4iC3yFol,4-isopropylfenol,99-89-8,ChemischeStof,233
4ttC4y26DC1y,"4'-tertiair-butyl-2',6'-dimethylacetofenon",2040-10-0,ChemischeStof,3090
4ttC4yFol,4-tertiair-butylfenol,98-54-4,ChemischeStof,1345
4ttC4yccC6on,4-tert-butylcyclohexanon,98-53-3,ChemischeStof,3091
4ttC8yFol,4-tertiair-octylfenol,140-66-9,ChemischeStof,2366
5677aT4H447a,"5,6,7,7a-tetrahydro-4,4,7a-trimethyl-2-benzofuranon",15356-74-8,ChemischeStof,3092
5C1y2C6on,5-methyl-2-hexanon,110-12-3,ChemischeStof,237
5C1yT4lne,5-methyltetralin,2809-64-5,ChemischeStof,3095
5C1yoansdne,5-methyl-o-anisidine,120-71-8,ChemischeStof,3094
5Cl2C1y2Hita,5-chloor-2-methyl-2H-isothiazool-3-on,26172-55-4,ChemischeStof,3096
5Cl2C1yAn,5-chloor-2-methylaniline,95-79-4,ChemischeStof,3097
5Cl2NO2An,5-chloor-2-nitroaniline,1635-61-6,ChemischeStof,3098
5Cl2NO2Tol,5-chloor-2-nitrotolueen,5367-28-2,ChemischeStof,3099
5HDbenzbfazp,"5H-dibenz[b,f]azepine",256-96-2,ChemischeStof,3100
5NO2oansdne,5-nitro-ortho-anisidine,99-59-2,ChemischeStof,3102
5NO2otlidne,5-nitro-ortho-toluidine,99-55-8,ChemischeStof,2416
5bcholet3on,5-beta-cholestan-3-one,601-53-6,ChemischeStof,3093
5choletne,5-cholestene,570-74-1,ChemischeStof,4979
5iC3y2C1yFol,5-isopropyl-2-methylfenol,499-75-2,ChemischeStof,3101
61014TC1y2C1,"6,10,14-trimethyl-2-pentadecanon",502-69-2,ChemischeStof,3103
6Cl24DNO2An,"6-chloor-2,4-dinitroaniline",3531-19-9,ChemischeStof,3104
6iC3ymcsl,6-isopropyl-m-cresol,89-83-8,ChemischeStof,2014
7C1ycmrn,7-methylcoumarin,2445-83-2,ChemischeStof,3105
8aestDol,8alpha-estradiol,517-04-4,ChemischeStof,3106
8chinlnl,8-chinolinol,148-24-3,ChemischeStof,3107
9C16ezr,9-hexadeceenzuur,2091-29-4,ChemischeStof,4980
9C18eal,9-octadecenal,5090-41-5,ChemischeStof,4981
9fluornn,9-fluorenon,486-25-9,ChemischeStof,3108
AANMCCTTE,Aanmaakconcentratie,NVT,OngedefinieerdLab,2917
AANTL,Aantal,NVT,Grootheid,2918
AANTPOPVTE,Aantal per oppervlakte,NVT,Grootheid,2922
AANTPVLME,Aantal per volume,NVT,Grootheid,2929
AANTVHGDGHTE,Aantal vrijheidsgraden behorend bij golfhoogtespectrum,NVT,Grootheid,0
AANTVHGDGRTG,Aantal vrijheidsgraden behorend bij golfrichtingspectrum,NVT,Grootheid,0
AANWZHCPLBTV,Aanwezigheid campylobacter vastgesteld,NVT,Typering,2928
AANWZHD,Aanwezigheid,NVT,Grootheid,2938
AANWZHTXSBAV,Aanwezigheid toxische blauwalg vastgesteld,NVT,Typering,2937
AANZSHD,Aanzuigsnelheid,NVT,Grootheid,4982
AARDGS,Aardgas,NVT,Grootheid,2975
ACCMLTDR,Accumulatieduur,NVT,Grootheid,2976
ACDTT,Aciditeit,NVT,Grootheid,2977
ACTVTCCTTE,Activiteitsconcentratie,NVT,Grootheid,4983
ADBI,celestolide,13171-00-1,ChemischeStof,3138
AFGTSHPO4,Afgiftesnelheid fosfaat,NVT,Grootheid,3070
AFMD,Afmeldreden niet genomen monster,NVT,Typering,3059
AFSDRDMT,Afscheidingsrendement,NVT,Grootheid,3076
AFWKG,Afwijking,NVT,Grootheid,3081
AHMI,"5-acetyl-1,1,2,3,3,6-hexamethylindaan",15323-35-0,ChemischeStof,3147
AHTN,tonalide,1506-02-1,ChemischeStof,3148
ALKLTT,Alkaliteit,NVT,Grootheid,278
AMPA,aminomethylfosfonzuur,1066-51-9,ChemischeStof,292
ANNA,Anabaena,NVT,Object,3110
ANNO,Anabaenopsis,NVT,Object,3111
APNI,Aphanizomenon,NVT,Object,3112
ASVDS,Asvrij droge stof,NVT,Object,3113
ATCD,acetylcedreen,32388-55-9,ChemischeStof,3184
ATHN,acetylhexamethyltetrahydronaftaleen,21145-77-7,ChemischeStof,3185
ATP,adenosine-trifosfaat,56-65-5,ChemischeStof,3187
ATTI,traseolide,68140-48-7,ChemischeStof,3188
Ac,actinium,7440-34-8,ChemischeStof,3114
Ac228,actinium 228,14331-83-0,ChemischeStof,3116
AcNe,acenafteen,83-32-9,ChemischeStof,247
AcNy,acenaftyleen,208-96-8,ChemischeStof,248
Ag,zilver,7440-22-4,ChemischeStof,1692
Ag110m,zilver 110m (metastabiel),378784-24-8,ChemischeStof,3144
Ag111,zilver 111,15760-04-0,ChemischeStof,3145
Al,aluminium,7429-90-5,ChemischeStof,284
AlHOxCl,aluminiumhydroxychloride,1327-41-9,ChemischeStof,0
AlIII,aluminium (driewaardig),22537-23-1,ChemischeStof,3152
AlO,aluminumoxide,1344-28-1,ChemischeStof,3157
AlP,aluminiumfosfide,20859-73-8,ChemischeStof,3158
AlSO4,aluminiumsulfaat,10043-01-3,ChemischeStof,3160
Am,americium,7440-35-9,ChemischeStof,3161
Am241,americium 241,86954-36-1,ChemischeStof,3162
Am242,americium 242,13981-54-9,ChemischeStof,3163
An,aniline,62-53-3,ChemischeStof,296
Ant,antraceen,120-12-7,ChemischeStof,299
AoTC1yePA,aminotrimethyleen fosfonzuur,6419-19-8,ChemischeStof,4984
Aocb,aminocarb,2032-59-9,ChemischeStof,3175
Aofnzn,aminofenazon,58-15-1,ChemischeStof,2499
Ar,argon,7440-37-1,ChemischeStof,3177
As,arseen,7440-38-2,ChemischeStof,310
As73,arseen 73,15422-59-0,ChemischeStof,3178
As74,arseen 74,14304-78-0,ChemischeStof,3179
At,astatium,7440-68-8,ChemischeStof,3183
Au,goud,7440-57-5,ChemischeStof,841
Au198,goud 198,10043-49-9,ChemischeStof,3190
Au199,goud 199,14391-11-8,ChemischeStof,3191
B,boor,7440-42-8,ChemischeStof,386
B2O3,diboortrioxide,1303-86-2,ChemischeStof,3199
BACTOIDBTRN,Bacteroides bacteriën,NVT,Object,4985
BADGT,Badgast,NVT,Object,3118
BAM,methyl-4-broomacetoacetaat,17790-81-7,ChemischeStof,3202
BCDMH,"1-broom-3-chloor-5,5-dimethylhidantoïne",16079-88-2,ChemischeStof,3206
BEDKG,Bedekking,NVT,Grootheid,3141
BEMSDOVZDE,Bemonsterde oeverzijde,NVT,MonstervariabeleEcologie,4986
BEMSRBTE,Bemonsteringsbreedte,NVT,MonstervariabeleEcologie,3119
BEMSRDR,Bemonsteringsduur,NVT,MonstervariabeleEcologie,3121
BEMSROPVK,Bemonsteringsoppervlak,NVT,MonstervariabeleEcologie,3123
BEMSRTJT,Bemonsteringstraject,NVT,MonstervariabeleEcologie,3137
BESDWG,Beschaduwing,NVT,Typering,3140
BEWKGD,Bewolkingsgraad,NVT,Typering,3150
BEZ,Bezinksel,NVT,Object,3153
BHT,butylhydroxytolueen (BHT),128-37-0,ChemischeStof,1782
BIJZDRBSDLGM,Bijzondere bestanddelen grondmonster,NVT,OngedefinieerdLab,3172
BIOMPVLME,Biomassa per volume,NVT,Grootheid,3180
BIOMSA,Biomassa,NVT,Grootheid,4987
BIOMSFTE,Biomassafractie,NVT,Grootheid,4988
BIOMSPOPVTE,Biomassa per oppervlakte eenheid,NVT,Grootheid,3176
BIOVLME,Biovolume,NVT,Grootheid,3182
BIOVLMPVLME,Biovolume per volume eenheid,NVT,Grootheid,3212
BISADPT,bis(2-ethylhexyl)adipaat,103-23-1,ChemischeStof,3262
BLADVL,Bladval,NVT,Typering,3210
BLOEIBAG,Bloei blauwalg (kwalitatief),NVT,Typering,3211
BODHTE,Bodemhoogte,NVT,Grootheid,3237
BODKLTT,Bodemkwaliteit (eindoordeel),NVT,Typering,4989
BOOMLG,Boomlaag,NVT,Object,0
BOTLME,Botulisme,NVT,Object,3215
BRAKKRTR,Brakkarakter,NVT,Typering,3216
BREEDTE,Breedte,NVT,Grootheid,3238
BTCl,boortrichloride,10294-34-5,ChemischeStof,3291
BTF,boortrifluoride,7637-07-2,ChemischeStof,3292
BZV/NKj,Verhouding BZV/stikstof Kjeldahl,NVT,Grootheid,4632
BZV/P,Verhouding BZV/fosfor totaal,NVT,Grootheid,4631
BZV1,Biochemisch zuurstofverbruik over 1 dag,NVT,ChemischeStof,3240
BZV10,Biochemisch zuurstofverbruik over 10 dagen,NVT,ChemischeStof,422
BZV11,Biochemisch zuurstofverbruik over 11 dagen,NVT,ChemischeStof,3242
BZV12,Biochemisch zuurstofverbruik over 12 dagen,NVT,ChemischeStof,423
BZV14,Biochemisch zuurstofverbruik over 14 dagen,NVT,ChemischeStof,424
BZV15,Biochemisch zuurstofverbruik over 15 dagen,NVT,ChemischeStof,2694
BZV19,Biochemisch zuurstofverbruik over 19 dagen,NVT,ChemischeStof,425
BZV2,Biochemisch zuurstofverbruik over 2 dagen,NVT,ChemischeStof,3251
BZV20,Biochemisch zuurstofverbruik over 20 dagen,NVT,ChemischeStof,3252
BZV21,Biochemisch zuurstofverbruik over 21 dagen,NVT,ChemischeStof,427
BZV26,Biochemisch zuurstofverbruik over 26 dagen,NVT,ChemischeStof,428
BZV28,Biochemisch zuurstofverbruik over 28 dagen,NVT,ChemischeStof,429
BZV3,Biochemisch zuurstofverbruik over 3 dagen,NVT,ChemischeStof,3253
BZV33,Biochemisch zuurstofverbruik over 33 dagen,NVT,ChemischeStof,431
BZV4,Biochemisch zuurstofverbruik over 4 dagen,NVT,ChemischeStof,3255
BZV40,Biochemisch zuurstofverbruik over 40 dagen,NVT,ChemischeStof,432
BZV5,Biochemisch zuurstofverbruik over 5 dagen,NVT,ChemischeStof,433
BZV5a,Biochemisch zuurstofverbruik met allylthioureum,NVT,ChemischeStof,3258
BZV6,Biochemisch zuurstofverbruik over 6 dagen,NVT,ChemischeStof,3259
BZV7,Biochemisch zuurstofverbruik over 7 dagen,NVT,ChemischeStof,435
BZV8,Biochemisch zuurstofverbruik over 8 dagen,NVT,ChemischeStof,3264
BZV9,Biochemisch zuurstofverbruik over 9 dagen,NVT,ChemischeStof,2693
Ba,barium,7440-39-3,ChemischeStof,333
Ba133,barium 133,13981-41-4,ChemischeStof,3200
Ba140,barium 140,14798-08-4,ChemischeStof,3201
BaA,benzo(a)antraceen,56-55-3,ChemischeStof,345
BaP,benzo(a)pyreen,50-32-8,ChemischeStof,346
BbF,benzo(b)fluorantheen,205-99-2,ChemischeStof,348
BbFle,benzo(b)fluoreen,243-17-4,ChemischeStof,3205
Be,beryllium,7440-41-7,ChemischeStof,362
Be7,beryllium 7,13966-02-4,ChemischeStof,3208
BeP,benzo(e)pyreen,192-97-2,ChemischeStof,350
Ben,benzeen,71-43-2,ChemischeStof,342
BenAh,benzaldehyde,100-52-7,ChemischeStof,1776
BenHAc,benzeenazijnzuur,103-82-2,ChemischeStof,343
BghiPe,benzo(ghi)peryleen,191-24-2,ChemischeStof,351
Bh,bohrium,54037-14-8,ChemischeStof,3243
Bi,bismut,7440-69-9,ChemischeStof,384
Bi206,bismuth 206,15776-19-9,ChemischeStof,3245
Bi207,bismuth 207,13982-38-2,ChemischeStof,3246
Bi210,bismuth 210,14331-79-4,ChemischeStof,3247
Bi212,bismuth 212,14913-49-6,ChemischeStof,3248
Bi214,bismuth 214,14733-03-0,ChemischeStof,3249
BjF,benzo(j)fluorantheen,205-82-3,ChemischeStof,352
Bk,berkelium,7440-40-6,ChemischeStof,3269
BkF,benzo(k)fluorantheen,207-08-9,ChemischeStof,353
Br,bromide,24959-67-9,ChemischeStof,391
Br2,dibroom,7726-95-6,ChemischeStof,3274
BrBen,broombenzeen,108-86-1,ChemischeStof,1777
BrC1a,broommethaan,74-83-9,ChemischeStof,399
BrC2e,broometheen,593-60-2,ChemischeStof,3275
BrClHAc,broomchloorazijnzuur,5589-96-8,ChemischeStof,3277
BrHAc,broomazijnzuur,79-08-3,ChemischeStof,3281
BrO3,bromaat,15541-45-4,ChemischeStof,3282
BrOxnHpnat,bromoxynil heptanoaat,56634-95-8,ChemischeStof,4990
BrOxnOcnat,broomoxynil-octanoaat,1689-99-2,ChemischeStof,3287
BrOxnl,broomoxynil,1689-84-5,ChemischeStof,394
BrTClC1a,broomtrichloormethaan,75-62-7,ChemischeStof,1596
Brccn,bromocyclen,1715-40-8,ChemischeStof,3276
Brctne,bromocriptine,25614-03-3,ChemischeStof,3278
Brfnxm,broomfenoxim,13181-17-4,ChemischeStof,3279
BrfvfsC1y,broomfenvinfos-methyl,13104-21-7,ChemischeStof,0
Brpplt,broompropylaat,18181-80-1,ChemischeStof,400
Brprlt,broompyrolaat,53808-86-9,ChemischeStof,0
C,koolstof,7440-44-0,ChemischeStof,965
C10a,decaan,124-18-5,ChemischeStof,558
C10azr,decaanzuur,334-48-5,ChemischeStof,559
C11a,undecaan,1120-21-4,ChemischeStof,1634
C11azr,undecaanzuur,112-37-8,ChemischeStof,1635
C11ezr,undeceenzuur,112-38-9,ChemischeStof,0
C12C14akbzDC,C12-C14-alkylbenzyldimethylammoniumchloride,85409-23-0,ChemischeStof,0
C12C16akbzDC,C12-C16-alkylbenzyldimethylammoniumchloride,68424-85-1,ChemischeStof,0
C12C18DC1y34,"C12-C18-dimethyl-3,4-dichloorbenzylammoniumchloride",92129-28-7,ChemischeStof,0
C12a,dodecaan,112-40-3,ChemischeStof,686
C12aAdNNb2Ho,"dodecaanamide N,N-bis2-hydroxyethyl",120-40-1,ChemischeStof,4991
C12azr,dodecaanzuur,143-07-7,ChemischeStof,687
C12ySO4,laurylsulfaat,151-41-7,ChemischeStof,0
C13azr,tridecaanzuur,638-53-9,ChemischeStof,0
C14azr,tetradecaanzuur,544-63-8,ChemischeStof,1541
C15al,pentadecanal,2765-11-9,ChemischeStof,0
C15azr,pentadecaanzuur,1002-84-2,ChemischeStof,0
C16azr,hexadecaanzuur,57-10-3,ChemischeStof,0
C17azr,heptadecaanzuur,506-12-7,ChemischeStof,0
C18al,octadecanal,638-66-4,ChemischeStof,0
C18azr,octadecaanzuur,57-11-4,ChemischeStof,1291
C1a,methaan,74-82-8,ChemischeStof,1153
C1al,methanal (formaldehyde),50-00-0,ChemischeStof,785
C1azr,methaanzuur,64-18-6,ChemischeStof,1922
C1ol,methanol,67-56-1,ChemischeStof,1154
C1olacAd,methanolacrylamide,924-42-5,ChemischeStof,0
C1oxC2yHgCl,methoxyethylkwikchloride,123-88-6,ChemischeStof,0
C1oxC3yactt,methoxypropylacetaat,84540-57-8,ChemischeStof,1161
C1oxCl,methoxychloor,72-43-5,ChemischeStof,1159
C1oxfnzde,methoxyfenozide,161050-58-4,ChemischeStof,0
C1y14C1yC15a,methyl 14-methylpentadecanoaat,5129-60-2,ChemischeStof,0
C1y1C1yC2ycc,methyl(1-methylethyl)cyclohexanol,30350-73-3,ChemischeStof,0
C1yAeHCl,methylamine hydrochloride,593-51-1,ChemischeStof,0
C1yAn,methylaniline,100-61-8,ChemischeStof,0
C1yBrfs,methylbromofos,2104-96-3,ChemischeStof,393
C1yC2yNOAe,methylethylnitrosamine,10595-95-6,ChemischeStof,2431
C1yC2yprdne,methylethylpyridine,104-90-5,ChemischeStof,0
C1yC3yat,methylpropylaat,554-12-1,ChemischeStof,1918
C1yC4yat,methylbutylaat,623-42-7,ChemischeStof,1911
C1yC6yat,methylhexylaat,106-70-7,ChemischeStof,0
C1yClcbnt,methyl chloorcarbonaat,79-22-1,ChemischeStof,0
C1yClprfs,methylchloorpyrifos,5598-13-0,ChemischeStof,0
C1yDC1yDtocb,methyl dimethyldithiocarbamaat,3735-92-0,ChemischeStof,0
C1yDHjasmnt,methyldihydrojasmonaat,24851-98-7,ChemischeStof,0
C1yFysfn,methylfenylsulfon,3112-85-4,ChemischeStof,0
C1yHg,methylkwik,22967-92-6,ChemischeStof,0
C1yHgbzat,methylkwikbenzoaat,3626-13-9,ChemischeStof,0
C1yNNO2svnAe,methyl-N-nitroso-vinylamine,4549-40-0,ChemischeStof,0
C1yNOurm,methylnitrosoureum,684-93-5,ChemischeStof,0
C1yNaf,methylnaftaleen,1321-94-4,ChemischeStof,1178
C1yOxdmtn,methyloxydemeton,301-12-2,ChemischeStof,568
C1yaclntl,methyl-acrylonitril,126-98-7,ChemischeStof,0
C1yaclt,methylacrylaat,96-33-3,ChemischeStof,1166
C1yactt,methylacetaat,79-20-9,ChemischeStof,1164
C1yazfs,methylazinfos,86-50-0,ChemischeStof,328
C1ycbmt,methylcarbamaat,598-55-0,ChemischeStof,4992
C1yccC5a,methylcyclopentaan,96-37-7,ChemischeStof,0
C1yccC5e,methylcyclopenteen,693-89-0,ChemischeStof,0
C1yccC6a,methylcyclohexaan,108-87-2,ChemischeStof,1168
C1ydesFyClid,methyl-desfenylchloridazon,17254-80-7,ChemischeStof,0
C1yebtoCN,methyleenbisthiocyanaat,6317-18-6,ChemischeStof,0
C1yfmt,methylformaat,107-31-3,ChemischeStof,1172
C1yfpp,methylflamprop,52756-25-9,ChemischeStof,0
C1yhdzne,methylhydrazine,60-34-4,ChemischeStof,0
C1yicnt,methylisocyanaat,624-83-9,ChemischeStof,0
C1yidl,methylindool,27323-28-0,ChemischeStof,0
C1yitoCN,methylisothiocyanaat,556-61-6,ChemischeStof,1176
C1ymsfrn,methyl-metsulfuron,74223-64-6,ChemischeStof,2453
C1ymtclt,methylmethacrylaat,80-62-6,ChemischeStof,1177
C1yntacAd,methylnaftylaceetamide,85-07-4,ChemischeStof,0
C1yprmfs,methylpirimifos,29232-93-7,ChemischeStof,1408
C1yprton,methylparathion,298-00-0,ChemischeStof,1179
C1yttC4yEtr,methyl-tertiair-butylether,1634-04-4,ChemischeStof,1163
C22azr,docosaanzuur,112-85-6,ChemischeStof,0
C28a,octacosaan,630-02-4,ChemischeStof,0
C2OH,ethanol,64-17-5,ChemischeStof,716
C2a,ethaan,74-84-0,ChemischeStof,715
C2al,ethanal,75-07-0,ChemischeStof,249
C2e,etheen,74-85-1,ChemischeStof,717
C2oxC2yactt,ethoxyethylacetaat,111-15-9,ChemischeStof,0
C2oxsfrn,ethoxysulfuron,126801-58-9,ChemischeStof,0
C2y2C1yBensf,ethyl-2-methylbenzeensulfonamide,1077-56-1,ChemischeStof,0
C2y3HoxFyact,ethyl-(3-hydroxyfenyl)acetaat,22446-38-4,ChemischeStof,0
C2y44DClbzlt,"ethyl-4,4'-dichloorbenzilaat",510-15-6,ChemischeStof,477
C2yAe,ethylamine,75-04-7,ChemischeStof,727
C2yAn,ethylaniline,103-69-5,ChemischeStof,0
C2yBen,ethylbenzeen,100-41-4,ChemischeStof,728
C2yBrfs,ethylbromofos,4824-78-6,ChemischeStof,392
C2yC6aDol,ethylhexaandiol,94-96-2,ChemischeStof,0
C2yClfmt,ethyl chloorformaat,541-41-3,ChemischeStof,0
C2yClprfs,ethylchloorpyrifos,2921-88-2,ChemischeStof,494
C2yHgBr,ethylkwikbromide,107-26-6,ChemischeStof,0
C2yTol,ethyltolueen,25550-14-5,ChemischeStof,739
C2yaclt,ethylacrylaat,140-88-5,ChemischeStof,726
C2yactt,ethylacetaat,141-78-6,ChemischeStof,725
C2yazfs,ethylazinfos,2642-71-9,ChemischeStof,327
C2yeDAe,ethyleendiamine,107-15-3,ChemischeStof,2584
C2yeO,ethyleenoxide,75-21-8,ChemischeStof,0
C2yebDtocbmt,ethyleenbisdithiocarbamaat,111-54-6,ChemischeStof,0
C2yeimne,ethyleenimine,151-56-4,ChemischeStof,0
C2yetourum,ethyleenthioureum,96-45-7,ChemischeStof,733
C2ymtclt,ethylmethacrylaat,97-63-2,ChemischeStof,737
C2yprmfs,ethylpirimifos,23505-41-1,ChemischeStof,1407
C2yprton,ethylparathion,56-38-2,ChemischeStof,738
C3al,propanal,123-38-6,ChemischeStof,0
C3astn,propaansulton,1120-71-4,ChemischeStof,0
C3ol,propanol,71-23-8,ChemischeStof,0
C3yactt,propylacetaat,109-60-4,ChemischeStof,1433
C3yeO,propyleenoxide,75-56-9,ChemischeStof,1436
C3yeimne,propyleenimine,75-55-8,ChemischeStof,0
C3yslnl,trimethylsilanol,66-40-6,ChemischeStof,1618
C4OxplC3yegc,butoxypolypropyleenglycol,9003-13-8,ChemischeStof,0
C4a,butaan,106-97-8,ChemischeStof,1789
C4al,butanal,123-72-8,ChemischeStof,0
C4ol,butanol,71-36-3,ChemischeStof,406
C4yBen,butylbenzeen,104-51-8,ChemischeStof,0
C4yBensfAd,butylbenzeensulfonamide,3622-84-2,ChemischeStof,1786
C4yBensfnt,butylbenzeensulfonaat,80-44-4,ChemischeStof,0
C4yC16aoat,butylhexadecanoaat,111-06-8,ChemischeStof,0
C4yaclt,butylacrylaat,141-32-2,ChemischeStof,413
C4yactt,butylacetaat,123-86-4,ChemischeStof,412
C4yat,butylaat,2008-41-5,ChemischeStof,411
C4ygcactt,butylglycolacetaat,112-07-2,ChemischeStof,419
C4ymtclt,butylmethacrylaat,97-88-1,ChemischeStof,420
C5a,pentaan,109-66-0,ChemischeStof,1384
C5al,pentanal (n-valeraldehyde),110-62-3,ChemischeStof,1972
C5ol,pentanol,71-41-0,ChemischeStof,1392
C6a,hexaan,110-54-3,ChemischeStof,860
C6al,hexanal,66-25-1,ChemischeStof,869
C6azr,hexaanzuur,142-62-1,ChemischeStof,0
C7a,heptaan,142-82-5,ChemischeStof,851
C7azr,heptaanzuur,111-14-8,ChemischeStof,852
C7azrC1yEsr,heptaanzuur methylester,106-73-0,ChemischeStof,4993
C8C18akbzDC1,C8-C18-alkylbenzyldimethylammoniumchloride,63449-41-2,ChemischeStof,0
C8a,octaan,111-65-9,ChemischeStof,1287
C8al,octanal,124-13-0,ChemischeStof,0
C8azr,octaanzuur,124-07-2,ChemischeStof,1288
C8ybccC7eDcb,octylbicyclohepteendicarboximide,113-48-4,ChemischeStof,0
C8yfOxplC2ox,octylfenoxypolyethoxyethanol,9036-19-5,ChemischeStof,0
C9a,nonaan,111-84-2,ChemischeStof,1278
C9al,nonanal,124-19-6,ChemischeStof,1280
C9azr,nonaanzuur,112-05-0,ChemischeStof,1279
C9yFol,nonylfenol,25154-52-3,ChemischeStof,1282
CAMPLBTR,Campylobacter,NVT,Object,0
CAPCTT,Capaciteit,NVT,Grootheid,0
CATCANBTRDLG,Categorie Cyanobacteriedrijflaag,NVT,Typering,0
CDMBP,"4-chloor-3',4'-dimethoxybenzofenon",116412-83-0,ChemischeStof,0
CFK11,trichloorfluormethaan,75-69-4,ChemischeStof,799
CFK1113,freon-1113,79-38-9,ChemischeStof,2588
CFK113,"1,1,2-trichloor-1,2,2-trifluorethaan",76-13-1,ChemischeStof,0
CFK114,"1,2-dichloortetrafluorethaan",76-14-2,ChemischeStof,801
CFK115,monochloorpentafluorethaan,76-15-3,ChemischeStof,0
CFK12,dichloordifluormethaan,75-71-8,ChemischeStof,802
CFK13,chloortrifluormethaan,75-72-9,ChemischeStof,0
CFK132,freon-132,431-06-1,ChemischeStof,2591
CHLFa,chlorofyl-a,479-61-8,ChemischeStof,0
CHLFa/FEOa,Verhouding chlorofyl-a/feofytine a,NVT,Grootheid,0
CHLFb,chlorofyl-b,519-62-0,ChemischeStof,0
CLOSTR,Chlostridia,NVT,Object,0
CMC,carboxymethylcellulose (CMC),9000-11-7,ChemischeStof,0
CMO,koolmonoxide,630-08-0,ChemischeStof,0
CN,cyanide,57-12-5,ChemischeStof,0
CNazne,cyanazine,21725-46-2,ChemischeStof,534
CNcpx,cyanide-complex,NVT,ChemischeStof,2595
CNuzCl,cyanuurzuurchloride,108-77-0,ChemischeStof,0
CNuzr,cyanuurzuur,420-05-3,ChemischeStof,0
CNvrij,cyanide-vrij,NVT,ChemischeStof,537
CO2,kooldioxide,124-38-9,ChemischeStof,1803
CO3,carbonaat,3812-32-6,ChemischeStof,464
CONCTTE,(massa)Concentratie,NVT,Grootheid,0
CRYPTF,Cryptofyten,NVT,Object,0
CS2,koolstofdisulfide,75-15-0,ChemischeStof,0
CTAB,cetyltrimethylammoniumbromide,57-09-0,ChemischeStof,0
CYANBTE,Cyanobacterie (blauwalg),NVT,Object,0
CYANBTRDLG,Cyanobacteriedrijflaag,NVT,Object,0
CYLI,Cylindrospermopsis,NVT,Object,0
CZV,Chemisch zuurstofverbruik,NVT,ChemischeStof,0
CZV/BZV,Verhouding CZV/BZV,NVT,Grootheid,0
CZV/N,Verhouding CZV/stikstof,NVT,Grootheid,0
CZV/NKj,Verhouding CZV/stikstof Kjeldahl,NVT,Grootheid,0
CZV/P,Verhouding CZV/fosfor totaal,NVT,Grootheid,0
Ca,calcium,7440-70-2,ChemischeStof,447
Ca47,calcium 47,14391-99-2,ChemischeStof,0
CaCO3,calciumcarbonaat,471-34-1,ChemischeStof,0
CaCl2,calciumchloride,10043-52-4,ChemischeStof,0
CaO,calciumoxide,1305-78-8,ChemischeStof,0
CaSO4,calciumsulfaat,7778-18-9,ChemischeStof,0
CacaAd,calciumcyanamide,156-62-7,ChemischeStof,0
Canorg,koolstof anorganisch,NVT,ChemischeStof,0
Cd,cadmium,7440-43-9,ChemischeStof,441
Cd109,cadmium 109,14109-32-1,ChemischeStof,0
Ce,cerium,7440-45-1,ChemischeStof,467
Ce139,cerium 139,13982-30-4,ChemischeStof,0
Ce141,cerium 141,13967-74-3,ChemischeStof,0
Ce144,cerium 144,14762-78-8,ChemischeStof,0
Cf,californium,7440-71-3,ChemischeStof,0
Cf249,californium 249,15237-97-5,ChemischeStof,0
Cf251,californium 251,15765-19-2,ChemischeStof,0
Chr,chryseen,218-01-9,ChemischeStof,518
Cl,chloride,16887-00-6,ChemischeStof,508
Cl/GELDHD,Verhouding chloride/geleidendheid,NVT,Grootheid,0
Cl2,dichloor,7782-50-5,ChemischeStof,0
ClAeT,chlooramine-T,127-65-1,ChemischeStof,0
ClBen,chloorbenzeen,108-90-7,ChemischeStof,1246
ClC1a,chloormethaan,74-87-3,ChemischeStof,0
ClC2a,chloorethaan,75-00-3,ChemischeStof,1247
ClC2e,chlooretheen (vinylchloride),75-01-4,ChemischeStof,1654
ClC3yat,chloorpropylaat,5836-10-2,ChemischeStof,0
ClDC1yEtr,chloordimethylether,107-30-2,ChemischeStof,0
ClDO,chloordioxide,10049-04-4,ChemischeStof,0
ClFAn,chloorfluoraniline,367-21-5,ChemischeStof,0
ClHAc,chloorazijnzuur,79-11-8,ChemischeStof,1245
ClNO2Ben,chloornitrobenzeen,25167-93-5,ChemischeStof,0
ClO3,chloraat,14866-68-3,ChemischeStof,4994
ClOxnl,chlooroxynil,1891-95-8,ChemischeStof,2452
ClT4ccnHCl,chloortetracycline hydrochloride,64-72-2,ChemischeStof,0
ClT4ccne,chloortetracycline,57-62-5,ChemischeStof,0
ClTO,chloortrioxide,13932-10-0,ChemischeStof,0
Clactn,chlooraceton,78-95-5,ChemischeStof,0
Clafncl,chlooramfenicol,56-75-7,ChemischeStof,2497
Clahdt,chloralhydraat,302-17-0,ChemischeStof,0
Clbfm,chloorbufam,1967-16-4,ChemischeStof,479
Clbmrn,chloorbromuron,13360-45-7,ChemischeStof,478
Clbsde,chloorbenside,103-17-3,ChemischeStof,506
ClccC6a,chloorcyclohexaan,542-18-7,ChemischeStof,0
Cldn,chloordaan,57-74-9,ChemischeStof,2220
Clfapr,chloorfenapyr,122453-73-0,ChemischeStof,0
Clfazrn,chloorfluazuron,71422-67-8,ChemischeStof,0
Clfn,chlorofeen,120-32-1,ChemischeStof,223
Clfsn,chloorfenson,80-33-1,ChemischeStof,484
Clfvfs,chloorfenvinfos,470-90-6,ChemischeStof,487
Clidzn,chloridazon,1698-60-8,ChemischeStof,507
Clmfs,chloormefos,24934-91-6,ChemischeStof,488
Cloxrn,chlooroxuron,1982-47-4,ChemischeStof,1718
Clpcne,chloorpicrine,76-06-2,ChemischeStof,0
Clpfm,chloorprofam,101-21-3,ChemischeStof,492
Clpmzne,chloorpromazine,50-53-3,ChemischeStof,0
Clpn,chloropreen,126-99-8,ChemischeStof,0
Clptxne,chloorprothixene,113-59-7,ChemischeStof,0
Clsfrn,chloorsulfuron,64902-72-3,ChemischeStof,0
CltaAd,chloorthiamide,1918-13-4,ChemischeStof,498
Cltlnl,chloorthalonil,1897-45-6,ChemischeStof,497
Cltlrn,chloortoluron,15545-48-9,ChemischeStof,503
Cltofsfn,chloorthiofos-sulfon,NVT,ChemischeStof,0
Cm,curium,7440-51-9,ChemischeStof,0
Cm243,curium 243,15757-87-6,ChemischeStof,0
Cm245,curium 245,15621-76-8,ChemischeStof,0
Cm247,curium 247,15758-32-4,ChemischeStof,0
Cn,copernicium,54084-26-3,ChemischeStof,4940
Co,kobalt,7440-48-4,ChemischeStof,527
Co56,kobalt 56,14093-03-9,ChemischeStof,0
Co57,kobalt 57,13981-50-5,ChemischeStof,0
Co58,kobalt 58,13981-38-9,ChemischeStof,0
Co60,kobalt 60,10198-40-0,ChemischeStof,0
Corg,koolstof organisch,NVT,ChemischeStof,0
Cr,chroom,7440-47-3,ChemischeStof,517
Cr51,chroom 51,14392-02-0,ChemischeStof,0
CrIII,chroom (driewaardig),16065-83-1,ChemischeStof,0
CrVI,chroom (zeswaardig),18540-29-9,ChemischeStof,516
Cs,cesium,7440-46-2,ChemischeStof,468
Cs132,cesium 132,15758-03-9,ChemischeStof,0
Cs134,cesium 134,13967-70-9,ChemischeStof,0
Cs136,cesium 136,14234-29-8,ChemischeStof,0
Cs137,cesium 137,10045-97-3,ChemischeStof,0
Cu,koper,7440-50-8,ChemischeStof,971
CuO,koperoxide,1317-38-0,ChemischeStof,0
CuSO4,kopersulfaat,7758-98-7,ChemischeStof,0
DAoC1yidurum,diaminomethylideenureum,928-36-9,ChemischeStof,0
DBahAnt,"dibenzo(a,h)antraceen",53-70-3,ChemischeStof,593
DBaiP,"dibenzo(a,i)pyreen",191-30-0,ChemischeStof,0
DBajAnt,"dibenzo(a,j)antraceen",224-41-9,ChemischeStof,0
DBrC1a,dibroommethaan,74-95-3,ChemischeStof,598
